{

  "taskList": [{
    "date": "2047-05-17",
    "groups": [{
      "title": "Decide to sell",
      "tasks": [{
        "name": "Get rid of stuff",
        "timeStart": "8:00 am",
        "timeEnd": "9:00 am",
        "location": "Main hallway",
        "tracks": ["Food"],
        "id": "1"
      }]
    }, {
      "title": "Contact Estate Agent/s",
      "tasks": [{
        "name": "Book Valuation and inspection",
        "location": "Room 2203",
        "description": "Mobile devices and browsers are now advanced enough that developers can build native-quality mobile apps using open web technologies like HTML5, Javascript, and CSS. In this talk, we’ll provide background on why and how we created Ionic, the design decisions made as we integrated Ionic with Angular, and the performance considerations for mobile platforms that our team had to overcome. We’ll also review new and upcoming Ionic features, and talk about the hidden powers and benefits of combining mobile app development and Angular.",
        "contactIds": ["4"],
        "timeStart": "9:15 am",
        "timeEnd": "9:30 am",
        "tracks": ["Ionic"],
        "id": "2"
      }, {
        "name": "Preview Property Details",
        "location": "Room 2202",
        "description": "Mobile devices and browsers are now advanced enough that developers can build native-quality mobile apps using open web technologies like HTML5, Javascript, and CSS. In this talk, we’ll provide background on why and how we created Ionic, the design decisions made as we integrated Ionic with Angular, and the performance considerations for mobile platforms that our team had to overcome. We’ll also review new and upcoming Ionic features, and talk about the hidden powers and benefits of combining mobile app development and Angular.",
        "contactIds": ["6"],
        "timeStart": "9:30 am",
        "timeEnd": "9:45 am",
        "tracks": ["Ionic"],
        "id": "3"
      }, {
        "name": "Agree terms / Sign Contract",
        "location": "Room 2201",
        "description": "Mobile devices and browsers are now advanced enough that developers can build native-quality mobile apps using open web technologies like HTML5, Javascript, and CSS. In this talk, we’ll provide background on why and how we created Ionic, the design decisions made as we integrated Ionic with Angular, and the performance considerations for mobile platforms that our team had to overcome. We’ll also review new and upcoming Ionic features, and talk about the hidden powers and benefits of combining mobile app development and Angular.",
        "contactIds": ["2"],
        "timeStart": "9:45 am",
        "timeEnd": "10:00 am",
        "tracks": ["Tooling"],
        "id": "4"
      }]
    }, {
      "title": "Instruct Solicitor",
      "tasks": [{
        "name": "Provide Estate Agent Details",
        "location": "Room 2201",
        "description": "Mobile devices and browsers are now advanced enough that developers can build native-quality mobile apps using open web technologies like HTML5, Javascript, and CSS. In this talk, we’ll provide background on why and how we created Ionic, the design decisions made as we integrated Ionic with Angular, and the performance considerations for mobile platforms that our team had to overcome. We’ll also review new and upcoming Ionic features, and talk about the hidden powers and benefits of combining mobile app development and Angular.",
        "contactIds": ["2", "6"],
        "timeStart": "10:00 am",
        "timeEnd": "10:15 am",
        "tracks": ["Ionic"],
        "id": "5"
      }, {
        "name": "Provide Buyers Details",
        "location": "Room 2203",
        "description": "Mobile devices and browsers are now advanced enough that developers can build native-quality mobile apps using open web technologies like HTML5, Javascript, and CSS. In this talk, we’ll provide background on why and how we created Ionic, the design decisions made as we integrated Ionic with Angular, and the performance considerations for mobile platforms that our team had to overcome. We’ll also review new and upcoming Ionic features, and talk about the hidden powers and benefits of combining mobile app development and Angular.",
        "contactIds": ["5"],
        "timeStart": "10:15 am",
        "timeEnd": "10:30 am",
        "tracks": ["Angular"],
        "id": "6"
      }, {
        "name": "Correspondence",
        "location": "Room 2202",
        "description": "Mobile devices and browsers are now advanced enough that developers can build native-quality mobile apps using open web technologies like HTML5, Javascript, and CSS. In this talk, we’ll provide background on why and how we created Ionic, the design decisions made as we integrated Ionic with Angular, and the performance considerations for mobile platforms that our team had to overcome. We’ll also review new and upcoming Ionic features, and talk about the hidden powers and benefits of combining mobile app development and Angular.",
        "contactIds": ["3"],
        "timeStart": "10:15 am",
        "timeEnd": "10:30 am",
        "tracks": ["Design"],
        "id": "7"
      }, {
        "name": "Sign Exchange",
        "location": "Room 2202",
        "description": "Mobile devices and browsers are now advanced enough that developers can build native-quality mobile apps using open web technologies like HTML5, Javascript, and CSS. In this talk, we’ll provide background on why and how we created Ionic, the design decisions made as we integrated Ionic with Angular, and the performance considerations for mobile platforms that our team had to overcome. We’ll also review new and upcoming Ionic features, and talk about the hidden powers and benefits of combining mobile app development and Angular.",
        "contactIds": ["1"],
        "timeStart": "10:45 am",
        "timeEnd": "11:00 am",
        "tracks": ["Services"],
        "id": "8"
      }]
    }, {
      "title": "Book Removals",
      "tasks": [{
        "name": "Agree Terms",
        "location": "Room 2201",
        "description": "Mobile devices and browsers are now advanced enough that developers can build native-quality mobile apps using open web technologies like HTML5, Javascript, and CSS. In this talk, we’ll provide background on why and how we created Ionic, the design decisions made as we integrated Ionic with Angular, and the performance considerations for mobile platforms that our team had to overcome. We’ll also review new and upcoming Ionic features, and talk about the hidden powers and benefits of combining mobile app development and Angular.",
        "contactIds": ["5", "6"],
        "timeStart": "11:00 am",
        "timeEnd": "11:45 am",
        "tracks": ["Workshop"],
        "id": "9"
      }, {
        "name": "Community Interaction",
        "location": "Room 2203",
        "description": "Mobile devices and browsers are now advanced enough that developers can build native-quality mobile apps using open web technologies like HTML5, Javascript, and CSS. In this talk, we’ll provide background on why and how we created Ionic, the design decisions made as we integrated Ionic with Angular, and the performance considerations for mobile platforms that our team had to overcome. We’ll also review new and upcoming Ionic features, and talk about the hidden powers and benefits of combining mobile app development and Angular.",
        "contactIds": ["2", "3"],
        "timeStart": "11:30 am",
        "timeEnd": "11:50 am",
        "tracks": ["Communication"],
        "id": "10"
      }, {
        "name": "Navigation in Ionic",
        "location": "Room 2203",
        "description": "Mobile devices and browsers are now advanced enough that developers can build native-quality mobile apps using open web technologies like HTML5, Javascript, and CSS. In this talk, we’ll provide background on why and how we created Ionic, the design decisions made as we integrated Ionic with Angular, and the performance considerations for mobile platforms that our team had to overcome. We’ll also review new and upcoming Ionic features, and talk about the hidden powers and benefits of combining mobile app development and Angular.",
        "contactIds": ["4", "5"],
        "timeStart": "11:30 am",
        "timeEnd": "12:00 pm",
        "tracks": ["Navigation"],
        "id": "11"
      }]
    }, {
      "title": "12:00 pm",
      "tasks": [{
        "name": "Lunch",
        "location": "Auditorium",
        "description": "Come grab lunch with all the Ionic fanatics and talk all things Ionic",
        "timeStart": "12:00 pm",
        "timeEnd": "1:00 pm",
        "tracks": ["Food"],
        "id": "12"
      }]
    }, {
      "title": "1:00 pm",
      "tasks": [{
        "name": "Ionic in the Enterprise",
        "location": "Room 2201",
        "description": "Mobile devices and browsers are now advanced enough that developers can build native-quality mobile apps using open web technologies like HTML5, Javascript, and CSS. In this talk, we’ll provide background on why and how we created Ionic, the design decisions made as we integrated Ionic with Angular, and the performance considerations for mobile platforms that our team had to overcome. We’ll also review new and upcoming Ionic features, and talk about the hidden powers and benefits of combining mobile app development and Angular.",
        "contactIds": ["3"],
        "timeStart": "1:00 pm",
        "timeEnd": "1:15 pm",
        "tracks": ["Communication"],
        "id": "13"
      }, {
        "name": "Ionic Worldwide",
        "location": "Room 2201",
        "description": "Mobile devices and browsers are now advanced enough that developers can build native-quality mobile apps using open web technologies like HTML5, Javascript, and CSS. In this talk, we’ll provide background on why and how we created Ionic, the design decisions made as we integrated Ionic with Angular, and the performance considerations for mobile platforms that our team had to overcome. We’ll also review new and upcoming Ionic features, and talk about the hidden powers and benefits of combining mobile app development and Angular.",
        "contactIds": ["1"],
        "timeStart": "1:15 pm",
        "timeEnd": "1:30 pm",
        "tracks": ["Communication"],
        "id": "14"
      }, {
        "name": "The Ionic package service",
        "location": "Room 2203",
        "description": "Mobile devices and browsers are now advanced enough that developers can build native-quality mobile apps using open web technologies like HTML5, Javascript, and CSS. In this talk, we’ll provide background on why and how we created Ionic, the design decisions made as we integrated Ionic with Angular, and the performance considerations for mobile platforms that our team had to overcome. We’ll also review new and upcoming Ionic features, and talk about the hidden powers and benefits of combining mobile app development and Angular.",
        "contactIds": ["2", "4"],
        "timeStart": "1:30 pm",
        "timeEnd": "2:00 pm",
        "tracks": ["Services"],
        "id": "15"
      }]
    }, {
      "title": "2:00 pm",
      "tasks": [{
        "name": "Push Notifications in Ionic",
        "location": "Room 2202",
        "description": "Mobile devices and browsers are now advanced enough that developers can build native-quality mobile apps using open web technologies like HTML5, Javascript, and CSS. In this talk, we’ll provide background on why and how we created Ionic, the design decisions made as we integrated Ionic with Angular, and the performance considerations for mobile platforms that our team had to overcome. We’ll also review new and upcoming Ionic features, and talk about the hidden powers and benefits of combining mobile app development and Angular.",
        "contactIds": ["2", "3"],
        "timeStart": "2:00 pm",
        "timeEnd": "2:30 pm",
        "tracks": ["Services"],
        "id": "16"
      }, {
        "name": "Ionic Documentation",
        "location": "Room 2202",
        "description": "Mobile devices and browsers are now advanced enough that developers can build native-quality mobile apps using open web technologies like HTML5, Javascript, and CSS. In this talk, we’ll provide background on why and how we created Ionic, the design decisions made as we integrated Ionic with Angular, and the performance considerations for mobile platforms that our team had to overcome. We’ll also review new and upcoming Ionic features, and talk about the hidden powers and benefits of combining mobile app development and Angular.",
        "contactIds": ["4"],
        "timeStart": "2:30 pm",
        "timeEnd": "2:45 pm",
        "tracks": ["Documentation"],
        "id": "17"
      }, {
        "name": "UX planning in Ionic",
        "location": "Room 2203",
        "description": "Mobile devices and browsers are now advanced enough that developers can build native-quality mobile apps using open web technologies like HTML5, Javascript, and CSS. In this talk, we’ll provide background on why and how we created Ionic, the design decisions made as we integrated Ionic with Angular, and the performance considerations for mobile platforms that our team had to overcome. We’ll also review new and upcoming Ionic features, and talk about the hidden powers and benefits of combining mobile app development and Angular.",
        "contactIds": ["1", "6"],
        "timeStart": "2:45 pm",
        "timeEnd": "3:00 pm",
        "tracks": ["Design"],
        "id": "18"
      }]
    }, {
      "title": "3:00",
      "tasks": [{
        "name": "Directives in Ionic",
        "location": "Room 2201",
        "description": "Mobile devices and browsers are now advanced enough that developers can build native-quality mobile apps using open web technologies like HTML5, Javascript, and CSS. In this talk, we’ll provide background on why and how we created Ionic, the design decisions made as we integrated Ionic with Angular, and the performance considerations for mobile platforms that our team had to overcome. We’ll also review new and upcoming Ionic features, and talk about the hidden powers and benefits of combining mobile app development and Angular.",
        "contactIds": ["4"],
        "timeStart": "3:00 pm",
        "timeEnd": "3:30 pm",
        "tracks": ["Angular"],
        "id": "19"
      }, {
        "name": "Mobile States",
        "location": "Room 2202",
        "description": "Mobile devices and browsers are now advanced enough that developers can build native-quality mobile apps using open web technologies like HTML5, Javascript, and CSS. In this talk, we’ll provide background on why and how we created Ionic, the design decisions made as we integrated Ionic with Angular, and the performance considerations for mobile platforms that our team had to overcome. We’ll also review new and upcoming Ionic features, and talk about the hidden powers and benefits of combining mobile app development and Angular.",
        "contactIds": ["2"],
        "timeStart": "3:30 pm",
        "timeEnd": "3:45 pm",
        "tracks": ["Navigation"],
        "id": "20"
      }]
    }]
  }],


  "contacts": [{
    "name": "Burt Bear",
    "profilePic": "assets/img/contacts/bear.jpg",
    "twitter": "ionicframework",
    "about": "Burt is a Bear.",
    "location": "Everywhere",
    "email": "burt@example.com",
    "phone": "+1-541-754-3010",
    "id": "1"
  }, {
    "name": "Charlie Cheetah",
    "profilePic": "assets/img/contacts/cheetah.jpg",
    "twitter": "ionicframework",
    "about": "Charlie is a Cheetah.",
    "location": "Everywhere",
    "email": "charlie@example.com",
    "phone": "+1-541-754-3010",
    "id": "2"
  }, {
    "name": "Donald Duck",
    "profilePic": "assets/img/contacts/duck.jpg",
    "twitter": "ionicframework",
    "about": "Donald is a Duck.",
    "location": "Everywhere",
    "email": "donald@example.com",
    "phone": "+1-541-754-3010",
    "id": "3"
  }, {
    "name": "Eva Eagle",
    "profilePic": "assets/img/contacts/eagle.jpg",
    "twitter": "ionicframework",
    "about": "Eva is an Eagle.",
    "location": "Everywhere",
    "email": "eva@example.com",
    "phone": "+1-541-754-3010",
    "id": "4"
  }, {
    "name": "Ellie Elephant",
    "profilePic": "assets/img/contacts/elephant.jpg",
    "twitter": "ionicframework",
    "about": "Ellie is an Elephant.",
    "location": "Everywhere",
    "email": "ellie@example.com",
    "phone": "+1-541-754-3010",
    "id": "5"
  }, {
    "name": "Gino Giraffe",
    "profilePic": "assets/img/contacts/giraffe.jpg",
    "twitter": "ionicframework",
    "about": "Gino is a Giraffe.",
    "location": "Everywhere",
    "email": "gino@example.com",
    "phone": "+1-541-754-3010",
    "id": "6"
  }, {
    "name": "Isabella Iguana",
    "profilePic": "assets/img/contacts/iguana.jpg",
    "twitter": "ionicframework",
    "about": "Isabella is an Iguana.",
    "location": "Everywhere",
    "email": "isabella@example.com",
    "phone": "+1-541-754-3010",
    "id": "7"
  }, {
    "name": "Karl Kitten",
    "profilePic": "assets/img/contacts/kitten.jpg",
    "twitter": "ionicframework",
    "about": "Karl is a Kitten.",
    "location": "Everywhere",
    "email": "karl@example.com",
    "phone": "+1-541-754-3010",
    "id": "8"
  }, {
    "name": "Lionel Lion",
    "profilePic": "assets/img/contacts/lion.jpg",
    "twitter": "ionicframework",
    "about": "Lionel is a Lion.",
    "location": "Everywhere",
    "email": "lionel@example.com",
    "phone": "+1-541-754-3010",
    "id": "9"
  }, {
    "name": "Molly Mouse",
    "profilePic": "assets/img/contacts/mouse.jpg",
    "twitter": "ionicframework",
    "about": "Molly is a Mouse.",
    "location": "Everywhere",
    "email": "molly@example.com",
    "phone": "+1-541-754-3010",
    "id": "10"
  }, {
    "name": "Paul Puppy",
    "profilePic": "assets/img/contacts/puppy.jpg",
    "twitter": "ionicframework",
    "about": "Paul is a Puppy.",
    "location": "Everywhere",
    "email": "paul@example.com",
    "phone": "+1-541-754-3010",
    "id": "11"
  }, {
    "name": "Rachel Rabbit",
    "profilePic": "assets/img/contacts/rabbit.jpg",
    "twitter": "ionicframework",
    "about": "Rachel is a Rabbit.",
    "location": "Everywhere",
    "email": "rachel@example.com",
    "phone": "+1-541-754-3010",
    "id": "12"
  }, {
    "name": "Ted Turtle",
    "profilePic": "assets/img/contacts/turtle.jpg",
    "twitter": "ionicframework",
    "about": "Ted is a Turtle.",
    "location": "Everywhere",
    "email": "ted@example.com",
    "phone": "+1-541-754-3010",
    "id": "13"
  }],


  "map": [{
    "name": "Monona Terrace Convention Center",
    "lat": 43.071584,
    "lng": -89.380120,
    "center": true
  }, {
    "name": "Ionic HQ",
    "lat": 43.074395,
    "lng": -89.381056
  }, {
    "name": "Afterparty - Brocach Irish Pub",
    "lat": 43.07336,
    "lng": -89.38335
  }],

  "tools": [{
    "name": "BBC Link",
    "url": "http://www.bbc.co.uk"
  }, {
    "name": "Money Saving Expert",
    "url": "http://www.moneysavingexpert.co.uk"
  }, {
    "name": "Right Move",
    "url": "http://www.rightmove.co.uk"
  }]

}
